"Timestamp","1. What generation do you belong to? 
您屬於哪一個世代？","2. Are you a college student? 
您是大學的學生嗎？","3. If you are a college student, what major are you? 
如果您是大學生，您的主修是什麼？","4. Financial Knowledge: On a scale of 1 (Novice) to 5 (Expert), how would you rate your overall financial literacy? 
財務知識：在 1（初學者）到 5（專家）的範圍內，您會如何評價自己的整體財務素養？","5. Have you invested in the stock market? 
您曾經投資股市嗎？","6. How many years have you invested in the stock market? 
您在股市投資了多少年？","7. Reasons for Not Investing: If you have not invested in the stock market, what are the primary reasons? 
不投資的原因：如果您沒有投資股市，主要原因是什麼？（可複選）","8. Motivation for Investing: If you do invest in the stock market (or want to), what is your primary motivation? 
投資動機：如果您有投資股市（或想投資），您的主要動機是什麼？","9 .  Awareness and Perception: How familiar are you with cryptocurrency (e.g., Bitcoin, Ethereum, XRP)? 認知與看法：您對加密貨幣了解程度如何？","10 .  Willingness to Invest: If you have not yet invested in crypto, how willing are you to invest in cryptocurrency in the future? 
投資意願：如果您尚未投資加密貨幣，您未來對加密貨幣投資的意願如何？","11. How much would large-scale investment by major banks influence your willingness to invest in crypto?
大型銀行的大規模投資會在多大程度上影響您對加密貨幣的投資意願？","12 .  Do you believe that banks have your best interest in mind when they invest on your behalf? 
當銀行代表您進行投資時，您認為他們是以您的最佳利益為考量嗎？","13 .  Factors Influencing Crypto Investment: Which factors would make you more likely to invest in cryptocurrency? (Select all that apply) 
影響加密貨幣投資的因素：哪些因素會讓您更可能投資加密貨幣？（可複選）","14 .  SWIFT System Knowledge: How familiar are you with the SWIFT system used for international bank transactions? 
SWIFT 系統認知: 您對國際銀行交易使用的 SWIFT 系統了解程度如何？","15 .  Crypto Replacing SWIFT: To what extent do you agree or disagree that ""Cryptocurrencies will one day replace the SWIFT system for international payments""? 
加密貨幣取代 SWIFT:  對以下說法，您在多大程度上同意或不同意？「加密貨幣有一天將取代 SWIFT 系統作為國際支付方式。」","16 .  Reasons for Crypto Replacing SWIFT: What is the biggest potential advantage of cryptocurrencies over traditional payments via SWIFT system? 
加密貨幣取代 SWIFT 的原因: 您認為加密貨幣相對於 SWIFT 系統最大的潛在優勢是什麼？","17 .  Reasons for SWIFT Enduring: What is the biggest hurdle holding cryptocurrencies back from replacing SWIFT? 
SWIFT 持續存在的原因：您認為加密貨幣在取代 SWIFT 系統前，最大的障礙是什麼？"
"2025/10/27 2:43:34 PM GMT+8","Generation Z: 1997–2012 Z 世代：1997–2012","Yes 是","GMBA","4","Yes 有","7 to 10 years 7 至 10 年","","Long-term wealth building 長期財富累積","Somewhat familiar 有些熟悉","Very willing 非常願意","Yes 會","No 否","Potential for high returns 高報酬潛力;Recommendations from friends or family 來自朋友或家人的建議;Improved regulatory clarity 監管環境更加明朗;Increased knowledge and education 增加知識和教育","Very familiar 非常熟悉","Strongly agree 非常同意","Lower costs 降低成本","Lack of widespread adoption 缺乏廣泛採用"
"2025/11/03 4:17:39 PM GMT+8","Generation Z: 1997–2012 Z 世代：1997–2012","Yes 是","GMBA","3","I have considered it but have not started yet 我曾經考慮過，但尚未開始","Less than 1 year  1 年以下","I don't have enough knowledge 我沒有足夠的知識","Short-term gains 短期收益","Somewhat familiar 有些熟悉","Somewhat unwilling 有些不願意","No change 沒有改變","No 否","Potential for high returns 高報酬潛力;Lower volatility 降低波動性","Somewhat familiar 有些熟悉","Disagree 不同意","Decentralization 去中心化","Regulatory challenges 監管挑戰"
"2025/11/03 4:18:24 PM GMT+8","Millennials (Generation Y): 1981–1996 千禧世代（Y 世代）：1981–1996","Yes 是","GMBA","4","Yes 有","7 to 10 years 7 至 10 年","","Saving for future contingencies (e.g., retirement) 為未來儲蓄（例如退休）","Not at all familiar 完全不熟悉","Somewhat unwilling 有些不願意","No change 沒有改變","Yes 是","Increased knowledge and education 增加知識和教育","Not at all familiar 完全不熟悉","Disagree 不同意","Increased speed 提升速度","Security concerns 安全疑慮"
"2025/11/03 4:19:07 PM GMT+8","Generation Z: 1997–2012 Z 世代：1997–2012","Yes 是","GMBA","3","Yes 有","Less than 1 year  1 年以下","","Short-term gains 短期收益","Not very familiar 不太熟悉","Somewhat willing 有些願意","Slightly decrease 輕微減少","No 否","Increased knowledge and education 增加知識和教育","Not at all familiar 完全不熟悉","Neutral 中立","Greater transparency 更高透明度","Scalability issues 擴展性問題"
"2025/11/03 4:23:34 PM GMT+8","Generation Z: 1997–2012 Z 世代：1997–2012","Yes 是","GMBA","3","I have considered it but have not started yet 我曾經考慮過，但尚未開始","1 to 3 years 1 至 3 年","I don't have enough knowledge 我沒有足夠的知識","Long-term wealth building 長期財富累積","Somewhat familiar 有些熟悉","Neither willing nor unwilling 既不願意也不排斥","No change 沒有改變","Yes 是","Improved regulatory clarity 監管環境更加明朗;Increased knowledge and education 增加知識和教育","Not very familiar 不太熟悉","Neutral 中立","Decentralization 去中心化","High volatility in price 價格高度波動"
"2025/11/03 4:25:34 PM GMT+8","Generation Z: 1997–2012 Z 世代：1997–2012","Yes 是","GMBA","3","Yes 有","1 to 3 years 1 至 3 年","","Long-term wealth building 長期財富累積","Not very familiar 不太熟悉","Somewhat willing 有些願意","Significantly increase 大幅增加","Maybe 可能","Potential for high returns 高報酬潛力;Improved regulatory clarity 監管環境更加明朗;Increased knowledge and education 增加知識和教育","Not at all familiar 完全不熟悉","Neutral 中立","Greater transparency 更高透明度","Regulatory challenges 監管挑戰"
"2025/11/03 4:36:44 PM GMT+8","Generation Z: 1997–2012 Z 世代：1997–2012","Yes 是","GMBA","1 - Novice 初學者","I am not interested 沒有興趣","Less than 1 year  1 年以下","I can't afford it 我負擔不起;I don't have enough knowledge 我沒有足夠的知識","Short-term gains 短期收益","Not very familiar 不太熟悉","Somewhat unwilling 有些不願意","Slightly increase 輕微增加","Maybe 可能","Potential for high returns 高報酬潛力;Improved regulatory clarity 監管環境更加明朗;Increased knowledge and education 增加知識和教育;Lower volatility 降低波動性","Not at all familiar 完全不熟悉","Neutral 中立","Decentralization 去中心化","High volatility in price 價格高度波動"
"2025/11/03 4:56:03 PM GMT+8","Millennials (Generation Y): 1981–1996 千禧世代（Y 世代）：1981–1996","Yes 是","GMBA","1 - Novice 初學者","Yes 有","Less than 1 year  1 年以下","I am not interested 我沒有興趣;I have stopped investing after facing a loss in the past 我曾經因為虧損而停止投資","Saving for future contingencies (e.g., retirement) 為未來儲蓄（例如退休）","Somewhat familiar 有些熟悉","Neither willing nor unwilling 既不願意也不排斥","Slightly increase 輕微增加","No 否","Fear of missing out (FOMO) 害怕錯過;Recommendations from friends or family 來自朋友或家人的建議;Lower volatility 降低波動性","Not at all familiar 完全不熟悉","Neutral 中立","Other 其他","Lack of widespread adoption 缺乏廣泛採用"
"2025/11/03 5:22:43 PM GMT+8","Generation Z: 1997–2012 Z 世代：1997–2012","Yes 是","GMBA","2","Yes 有","1 to 3 years 1 至 3 年","I can't afford it 我負擔不起;I don't have enough knowledge 我沒有足夠的知識","Long-term wealth building 長期財富累積","Not at all familiar 完全不熟悉","Very unwilling 非常不願意","No change 沒有改變","No 否","Recommendations from friends or family 來自朋友或家人的建議;Increased knowledge and education 增加知識和教育;Lower volatility 降低波動性","Not very familiar 不太熟悉","Disagree 不同意","Decentralization 去中心化","High volatility in price 價格高度波動"
"2025/11/03 6:12:09 PM GMT+8","Generation Z: 1997–2012 Z 世代：1997–2012","Yes 是","GMBA","2","I have considered it but have not started yet 我曾經考慮過，但尚未開始","","I don't have enough knowledge 我沒有足夠的知識","Long-term wealth building 長期財富累積","Not very familiar 不太熟悉","Neither willing nor unwilling 既不願意也不排斥","No change 沒有改變","No 否","Recommendations from friends or family 來自朋友或家人的建議;Improved regulatory clarity 監管環境更加明朗;Increased knowledge and education 增加知識和教育;Lower volatility 降低波動性","Not very familiar 不太熟悉","Neutral 中立","Decentralization 去中心化","High volatility in price 價格高度波動"
"2025/11/03 6:59:49 PM GMT+8","Generation Z: 1997–2012 Z 世代：1997–2012","Yes 是","GMBA","3","No 沒有","Less than 1 year  1 年以下","I don't have enough knowledge 我沒有足夠的知識;I don't need to invest right now 我現在不需要投資;I think I'm too young to start investing 我覺得自己太年輕，還不適合開始投資","Saving for future contingencies (e.g., retirement) 為未來儲蓄（例如退休）","Not very familiar 不太熟悉","Neither willing nor unwilling 既不願意也不排斥","Slightly decrease 輕微減少","Maybe 可能","Fear of missing out (FOMO) 害怕錯過;Recommendations from friends or family 來自朋友或家人的建議;Increased knowledge and education 增加知識和教育","Not at all familiar 完全不熟悉","Neutral 中立","Decentralization 去中心化","Scalability issues 擴展性問題"
"2025/11/03 11:08:53 PM GMT+8","Millennials (Generation Y): 1981–1996 千禧世代（Y 世代）：1981–1996","Yes 是","GMBA","2","I have considered it but have not started yet 我曾經考慮過，但尚未開始","Less than 1 year  1 年以下","Other 其他","Long-term wealth building 長期財富累積","Somewhat familiar 有些熟悉","Neither willing nor unwilling 既不願意也不排斥","Significantly increase 大幅增加","No 否","Improved regulatory clarity 監管環境更加明朗;Lower volatility 降低波動性","Somewhat familiar 有些熟悉","Disagree 不同意","Increased speed 提升速度","High volatility in price 價格高度波動"
"2025/11/03 11:57:08 PM GMT+8","Generation Z: 1997–2012 Z 世代：1997–2012","Yes 是","GMBA","1 - Novice 初學者","I am not interested 沒有興趣","","I can't afford it 我負擔不起;I don't have enough knowledge 我沒有足夠的知識;Other 其他","Saving for future contingencies (e.g., retirement) 為未來儲蓄（例如退休）","Not at all familiar 完全不熟悉","Somewhat unwilling 有些不願意","Significantly decrease 大幅減少","No 否","Potential for high returns 高報酬潛力;Increased knowledge and education 增加知識和教育","Not at all familiar 完全不熟悉","Neutral 中立","",""
"2025/11/04 12:15:04 AM GMT+8","Generation Z: 1997–2012 Z 世代：1997–2012","Yes 是","GMBA","3","I have considered it but have not started yet 我曾經考慮過，但尚未開始","Less than 1 year  1 年以下","I can't afford it 我負擔不起;I don't have enough knowledge 我沒有足夠的知識","Saving for future contingencies (e.g., retirement) 為未來儲蓄（例如退休）","Somewhat familiar 有些熟悉","Neither willing nor unwilling 既不願意也不排斥","Slightly increase 輕微增加","Maybe 可能","Potential for high returns 高報酬潛力;Improved regulatory clarity 監管環境更加明朗;Increased knowledge and education 增加知識和教育","Somewhat familiar 有些熟悉","Neutral 中立","Decentralization 去中心化","Scalability issues 擴展性問題"
"2025/11/05 3:46:42 PM GMT+8","Generation Z: 1997–2012 Z 世代：1997–2012","Yes 是","GMBA","5 - Expert 專家","Yes 有","4 to 6 years 4 至 6 年","","Long-term wealth building 長期財富累積","Somewhat familiar 有些熟悉","Very willing 非常願意","Slightly increase 輕微增加","No 否","Potential for high returns 高報酬潛力;Improved regulatory clarity 監管環境更加明朗;Increased knowledge and education 增加知識和教育","Not very familiar 不太熟悉","Agree 同意","Other 其他","Regulatory challenges 監管挑戰"
"2025/11/05 3:50:55 PM GMT+8","Generation Z: 1997–2012 Z 世代：1997–2012","Yes 是","GMBA","2","I have considered it but have not started yet 我曾經考慮過，但尚未開始","Less than 1 year  1 年以下","I don't have enough knowledge 我沒有足夠的知識","Long-term wealth building 長期財富累積","Not at all familiar 完全不熟悉","Neither willing nor unwilling 既不願意也不排斥","Slightly increase 輕微增加","Maybe 可能","Fear of missing out (FOMO) 害怕錯過","Not at all familiar 完全不熟悉","Neutral 中立","Greater transparency 更高透明度","Scalability issues 擴展性問題"
"2025/11/05 3:51:48 PM GMT+8","Generation Z: 1997–2012 Z 世代：1997–2012","Yes 是","GMBA","3","I have considered it but have not started yet 我曾經考慮過，但尚未開始","Less than 1 year  1 年以下","I can't afford it 我負擔不起;I don't have enough knowledge 我沒有足夠的知識","Long-term wealth building 長期財富累積","Not very familiar 不太熟悉","Neither willing nor unwilling 既不願意也不排斥","No change 沒有改變","Maybe 可能","Improved regulatory clarity 監管環境更加明朗;Increased knowledge and education 增加知識和教育;Lower volatility 降低波動性","Not at all familiar 完全不熟悉","Neutral 中立","Greater transparency 更高透明度","Security concerns 安全疑慮"
"2025/11/05 4:44:42 PM GMT+8","Millennials (Generation Y): 1981–1996 千禧世代（Y 世代）：1981–1996","Yes 是","GMBA","2","I have considered it but have not started yet 我曾經考慮過，但尚未開始","Less than 1 year  1 年以下","I don't have enough knowledge 我沒有足夠的知識","Long-term wealth building 長期財富累積","Not at all familiar 完全不熟悉","Somewhat unwilling 有些不願意","No change 沒有改變","Maybe 可能","Other 其他","Not very familiar 不太熟悉","Neutral 中立","Other 其他","Other 其他"
"2025/11/05 6:38:49 PM GMT+8","Generation Z: 1997–2012 Z 世代：1997–2012","Yes 是","GMBA","4","I have considered it but have not started yet 我曾經考慮過，但尚未開始","Less than 1 year  1 年以下","Other 其他","Long-term wealth building 長期財富累積","Not very familiar 不太熟悉","Somewhat willing 有些願意","Slightly increase 輕微增加","No 否","Potential for high returns 高報酬潛力;Increased knowledge and education 增加知識和教育","Not very familiar 不太熟悉","Neutral 中立","Decentralization 去中心化","Other 其他"
"2025/11/05 9:51:14 PM GMT+8","Generation Z: 1997–2012 Z 世代：1997–2012","Yes 是","GMBA","2","Yes 有","Less than 1 year  1 年以下","I am not interested 我沒有興趣","Long-term wealth building 長期財富累積","Not very familiar 不太熟悉","Very unwilling 非常不願意","Significantly decrease 大幅減少","No 否","Other 其他","Not at all familiar 完全不熟悉","Strongly disagree 非常不同意","Increased speed 提升速度","Security concerns 安全疑慮"
"2025/11/06 9:39:35 AM GMT+8","Generation Z: 1997–2012 Z 世代：1997–2012","Yes 是","GMBA","3","Yes 有","1 to 3 years 1 至 3 年","","Long-term wealth building 長期財富累積","Somewhat familiar 有些熟悉","Somewhat willing 有些願意","No change 沒有改變","No 否","Potential for high returns 高報酬潛力;Fear of missing out (FOMO) 害怕錯過;Improved regulatory clarity 監管環境更加明朗;Increased knowledge and education 增加知識和教育","Not very familiar 不太熟悉","Neutral 中立","Greater transparency 更高透明度","Regulatory challenges 監管挑戰"
"2025/11/06 10:30:41 AM GMT+8","Generation Z: 1997–2012 Z 世代：1997–2012","Yes 是","GMBA","3","Yes 有","1 to 3 years 1 至 3 年","","Long-term wealth building 長期財富累積","Not very familiar 不太熟悉","Somewhat willing 有些願意","Slightly increase 輕微增加","No 否","Potential for high returns 高報酬潛力","Somewhat familiar 有些熟悉","Neutral 中立","Increased speed 提升速度","Regulatory challenges 監管挑戰"
"2025/11/06 10:31:56 AM GMT+8","Generation Z: 1997–2012 Z 世代：1997–2012","Yes 是","GMBA","3","I have considered it but have not started yet 我曾經考慮過，但尚未開始","Less than 1 year  1 年以下","I don't have enough knowledge 我沒有足夠的知識","Saving for future contingencies (e.g., retirement) 為未來儲蓄（例如退休）","Not very familiar 不太熟悉","Somewhat willing 有些願意","Slightly increase 輕微增加","Maybe 可能","Recommendations from friends or family 來自朋友或家人的建議","Not very familiar 不太熟悉","Neutral 中立","Other 其他","Security concerns 安全疑慮"
"2025/11/06 10:58:17 AM GMT+8","Generation Z: 1997–2012 Z 世代：1997–2012","Yes 是","GMBA","2","I have considered it but have not started yet 我曾經考慮過，但尚未開始","Less than 1 year  1 年以下","I can't afford it 我負擔不起","Long-term wealth building 長期財富累積","Not at all familiar 完全不熟悉","Somewhat willing 有些願意","Slightly decrease 輕微減少","No 否","Lower volatility 降低波動性","Not very familiar 不太熟悉","Neutral 中立","Decentralization 去中心化","Security concerns 安全疑慮"
"2025/11/06 4:16:32 PM GMT+8","Generation Z: 1997–2012 Z 世代：1997–2012","Yes 是","GMBA","3","Yes 有","1 to 3 years 1 至 3 年","I am not interested 我沒有興趣;I have stopped investing after facing a loss in the past 我曾經因為虧損而停止投資","Short-term gains 短期收益","Not very familiar 不太熟悉","Somewhat unwilling 有些不願意","Slightly increase 輕微增加","Maybe 可能","Potential for high returns 高報酬潛力;Fear of missing out (FOMO) 害怕錯過","Very familiar 非常熟悉","Disagree 不同意","Greater transparency 更高透明度","Regulatory challenges 監管挑戰"
"2025/11/09 2:10:16 PM GMT+8","Generation Z: 1997–2012 Z 世代：1997–2012","Yes 是","GMBA","3","Yes 有","1 to 3 years 1 至 3 年","","Long-term wealth building 長期財富累積","Not very familiar 不太熟悉","Very willing 非常願意","Slightly increase 輕微增加","Maybe 可能","Potential for high returns 高報酬潛力;Fear of missing out (FOMO) 害怕錯過","Very familiar 非常熟悉","Strongly agree 非常同意","Lower costs 降低成本","Lack of widespread adoption 缺乏廣泛採用"
"2025/11/11 3:16:45 AM GMT+8","Millennials (Generation Y): 1981–1996 千禧世代（Y 世代）：1981–1996","Yes 是","GMBA","1 - Novice 初學者","I have considered it but have not started yet 我曾經考慮過，但尚未開始","1 to 3 years 1 至 3 年","I don't have enough knowledge 我沒有足夠的知識","Saving for future contingencies (e.g., retirement) 為未來儲蓄（例如退休）","Somewhat familiar 有些熟悉","Somewhat willing 有些願意","Slightly increase 輕微增加","Maybe 可能","Potential for high returns 高報酬潛力;Recommendations from friends or family 來自朋友或家人的建議;Improved regulatory clarity 監管環境更加明朗;Increased knowledge and education 增加知識和教育","Not very familiar 不太熟悉","Disagree 不同意","Lower costs 降低成本","Security concerns 安全疑慮"
"2025/12/04 11:30:38 AM GMT+8","Generation Z: 1997–2012 Z 世代：1997–2012","Yes 是","Finance 財務金融","3","I have considered it but have not started yet 我曾經考慮過，但尚未開始","Less than 1 year  1 年以下","I don't have enough knowledge 我沒有足夠的知識","Long-term wealth building 長期財富累積","Somewhat familiar 有些熟悉","Somewhat willing 有些願意","Slightly increase 輕微增加","Maybe 可能","Potential for high returns 高報酬潛力;Recommendations from friends or family 來自朋友或家人的建議","Not at all familiar 完全不熟悉","Neutral 中立","Decentralization 去中心化","Security concerns 安全疑慮"
"2025/12/04 11:35:41 AM GMT+8","Generation Z: 1997–2012 Z 世代：1997–2012","Yes 是","Finance 財務金融","1 - Novice 初學者","Yes 有","Less than 1 year  1 年以下","","Long-term wealth building 長期財富累積","Not at all familiar 完全不熟悉","Somewhat willing 有些願意","Slightly increase 輕微增加","Maybe 可能","Potential for high returns 高報酬潛力;Improved regulatory clarity 監管環境更加明朗;Increased knowledge and education 增加知識和教育","Not very familiar 不太熟悉","Neutral 中立","Lower costs 降低成本","Regulatory challenges 監管挑戰"
"2025/12/04 11:39:05 AM GMT+8","Generation Z: 1997–2012 Z 世代：1997–2012","Yes 是","Finance 財務金融","3","Yes 有","1 to 3 years 1 至 3 年","I have stopped investing after facing a loss in the past 我曾經因為虧損而停止投資","Short-term gains 短期收益","Somewhat familiar 有些熟悉","Very willing 非常願意","Significantly increase 大幅增加","Maybe 可能","Potential for high returns 高報酬潛力","Not very familiar 不太熟悉","Strongly agree 非常同意","Increased security 更高安全性","Regulatory challenges 監管挑戰"
"2025/12/04 12:24:38 PM GMT+8","Generation Z: 1997–2012 Z 世代：1997–2012","Yes 是","Finance 財務金融","2","Yes 有","1 to 3 years 1 至 3 年","I don't have enough knowledge 我沒有足夠的知識","Long-term wealth building 長期財富累積","Not at all familiar 完全不熟悉","Neither willing nor unwilling 既不願意也不排斥","Slightly increase 輕微增加","Maybe 可能","Potential for high returns 高報酬潛力;Improved regulatory clarity 監管環境更加明朗","Not at all familiar 完全不熟悉","Disagree 不同意","Decentralization 去中心化","Lack of widespread adoption 缺乏廣泛採用"
"2025/12/04 1:04:55 PM GMT+8","Generation Z: 1997–2012 Z 世代：1997–2012","Yes 是","Finance 財務金融","1 - Novice 初學者","Yes 有","Less than 1 year  1 年以下","I can't afford it 我負擔不起;I don't have enough knowledge 我沒有足夠的知識","Long-term wealth building 長期財富累積","Not at all familiar 完全不熟悉","Somewhat unwilling 有些不願意","Slightly increase 輕微增加","Maybe 可能","Potential for high returns 高報酬潛力;Improved regulatory clarity 監管環境更加明朗;Increased knowledge and education 增加知識和教育;Lower volatility 降低波動性","Not at all familiar 完全不熟悉","Neutral 中立","Decentralization 去中心化","Security concerns 安全疑慮"
"2025/12/04 1:08:51 PM GMT+8","Generation Z: 1997–2012 Z 世代：1997–2012","Yes 是","Finance 財務金融","2","Yes 有","1 to 3 years 1 至 3 年","","Long-term wealth building 長期財富累積","Somewhat familiar 有些熟悉","Somewhat unwilling 有些不願意","No change 沒有改變","No 否","Improved regulatory clarity 監管環境更加明朗","Not very familiar 不太熟悉","Neutral 中立","Lower costs 降低成本","Scalability issues 擴展性問題"
"2025/12/04 1:18:00 PM GMT+8","Generation Z: 1997–2012 Z 世代：1997–2012","Yes 是","Finance 財務金融","2","I have considered it but have not started yet 我曾經考慮過，但尚未開始","Less than 1 year  1 年以下","I can't afford it 我負擔不起;I don't have enough knowledge 我沒有足夠的知識","Long-term wealth building 長期財富累積","Not at all familiar 完全不熟悉","Somewhat willing 有些願意","Slightly increase 輕微增加","Maybe 可能","Potential for high returns 高報酬潛力;Improved regulatory clarity 監管環境更加明朗;Lower volatility 降低波動性","Not at all familiar 完全不熟悉","Neutral 中立","Other 其他","High volatility in price 價格高度波動"
"2025/12/04 2:18:59 PM GMT+8","Generation Z: 1997–2012 Z 世代：1997–2012","Yes 是","Finance 財務金融","3","Yes 有","1 to 3 years 1 至 3 年","","Long-term wealth building 長期財富累積","Not very familiar 不太熟悉","Neither willing nor unwilling 既不願意也不排斥","No change 沒有改變","No 否","Other 其他","Not very familiar 不太熟悉","Neutral 中立","Lower costs 降低成本","High volatility in price 價格高度波動"
"2025/12/04 2:19:29 PM GMT+8","Generation Z: 1997–2012 Z 世代：1997–2012","Yes 是","International business ","4","Yes 有","1 to 3 years 1 至 3 年","I have stopped investing after facing a loss in the past 我曾經因為虧損而停止投資","Long-term wealth building 長期財富累積","Somewhat familiar 有些熟悉","Somewhat willing 有些願意","Slightly increase 輕微增加","Maybe 可能","Potential for high returns 高報酬潛力;Fear of missing out (FOMO) 害怕錯過","Not at all familiar 完全不熟悉","Neutral 中立","Decentralization 去中心化","Security concerns 安全疑慮"
"2025/12/04 2:19:33 PM GMT+8","Generation Z: 1997–2012 Z 世代：1997–2012","Yes 是","International business ","4","Yes 有","1 to 3 years 1 至 3 年","I don't have enough knowledge 我沒有足夠的知識;Other 其他","Long-term wealth building 長期財富累積","Not at all familiar 完全不熟悉","Neither willing nor unwilling 既不願意也不排斥","No change 沒有改變","Maybe 可能","Potential for high returns 高報酬潛力;Fear of missing out (FOMO) 害怕錯過","Not at all familiar 完全不熟悉","Neutral 中立","Decentralization 去中心化","Security concerns 安全疑慮"
"2025/12/04 2:19:41 PM GMT+8","Generation Z: 1997–2012 Z 世代：1997–2012","Yes 是","Finance 財務金融","2","Yes 有","Less than 1 year  1 年以下","","Interest in financial markets 對金融市場的興趣","Somewhat familiar 有些熟悉","Somewhat willing 有些願意","Slightly increase 輕微增加","No 否","Potential for high returns 高報酬潛力;Increased knowledge and education 增加知識和教育","Somewhat familiar 有些熟悉","Agree 同意","Greater transparency 更高透明度","Regulatory challenges 監管挑戰"
"2025/12/04 2:19:45 PM GMT+8","Generation Z: 1997–2012 Z 世代：1997–2012","Yes 是","Finance 財務金融","3","I have considered it but have not started yet 我曾經考慮過，但尚未開始","Less than 1 year  1 年以下","Other 其他","Long-term wealth building 長期財富累積","Somewhat familiar 有些熟悉","Very willing 非常願意","No change 沒有改變","Maybe 可能","Fear of missing out (FOMO) 害怕錯過;Improved regulatory clarity 監管環境更加明朗;Increased knowledge and education 增加知識和教育","Not very familiar 不太熟悉","Neutral 中立","Lower costs 降低成本","Security concerns 安全疑慮"
"2025/12/04 2:19:54 PM GMT+8","Generation Z: 1997–2012 Z 世代：1997–2012","Yes 是","Finance 財務金融","2","Yes 有","Less than 1 year  1 年以下","I don't have enough knowledge 我沒有足夠的知識;I think I'm too young to start investing 我覺得自己太年輕，還不適合開始投資","Saving for future contingencies (e.g., retirement) 為未來儲蓄（例如退休）","Not at all familiar 完全不熟悉","Neither willing nor unwilling 既不願意也不排斥","Significantly increase 大幅增加","No 否","Increased knowledge and education 增加知識和教育;Lower volatility 降低波動性","Not at all familiar 完全不熟悉","Neutral 中立","Lower costs 降低成本","Security concerns 安全疑慮"
"2025/12/04 2:19:56 PM GMT+8","Generation Z: 1997–2012 Z 世代：1997–2012","Yes 是","Finance 財務金融","2","I have considered it but have not started yet 我曾經考慮過，但尚未開始","Less than 1 year  1 年以下","I can't afford it 我負擔不起;I don't have enough knowledge 我沒有足夠的知識;I think I'm too young to start investing 我覺得自己太年輕，還不適合開始投資","Short-term gains 短期收益","Not at all familiar 完全不熟悉","Neither willing nor unwilling 既不願意也不排斥","Slightly increase 輕微增加","No 否","Increased knowledge and education 增加知識和教育;Lower volatility 降低波動性","Not at all familiar 完全不熟悉","Neutral 中立","Increased security 更高安全性","Security concerns 安全疑慮"
"2025/12/04 2:19:58 PM GMT+8","Generation Z: 1997–2012 Z 世代：1997–2012","Yes 是","Finance 財務金融","3","I have considered it but have not started yet 我曾經考慮過，但尚未開始","Less than 1 year  1 年以下","I don't have enough knowledge 我沒有足夠的知識;I think I'm too young to start investing 我覺得自己太年輕，還不適合開始投資","Long-term wealth building 長期財富累積","Not very familiar 不太熟悉","Neither willing nor unwilling 既不願意也不排斥","Slightly increase 輕微增加","Maybe 可能","Potential for high returns 高報酬潛力;Increased knowledge and education 增加知識和教育","Not very familiar 不太熟悉","Neutral 中立","Other 其他","High volatility in price 價格高度波動"
"2025/12/04 2:19:59 PM GMT+8","Generation Z: 1997–2012 Z 世代：1997–2012","Yes 是","Finance 財務金融","2","Yes 有","1 to 3 years 1 至 3 年","","Long-term wealth building 長期財富累積","Not very familiar 不太熟悉","Neither willing nor unwilling 既不願意也不排斥","Slightly increase 輕微增加","Maybe 可能","Potential for high returns 高報酬潛力;Recommendations from friends or family 來自朋友或家人的建議;Improved regulatory clarity 監管環境更加明朗;Increased knowledge and education 增加知識和教育","Not very familiar 不太熟悉","Neutral 中立","Increased speed 提升速度","Regulatory challenges 監管挑戰"
"2025/12/04 2:20:07 PM GMT+8","Generation Z: 1997–2012 Z 世代：1997–2012","Yes 是","Business Administration","4","I have considered it but have not started yet 我曾經考慮過，但尚未開始","Less than 1 year  1 年以下","I can't afford it 我負擔不起;I don't have enough knowledge 我沒有足夠的知識","Interest in financial markets 對金融市場的興趣","Not very familiar 不太熟悉","Somewhat willing 有些願意","No change 沒有改變","Yes 是","Recommendations from friends or family 來自朋友或家人的建議;Increased knowledge and education 增加知識和教育","Not at all familiar 完全不熟悉","Neutral 中立","Increased security 更高安全性","Scalability issues 擴展性問題"
"2025/12/04 2:20:12 PM GMT+8","Generation Z: 1997–2012 Z 世代：1997–2012","Yes 是","Finance 財務金融","1 - Novice 初學者","I have considered it but have not started yet 我曾經考慮過，但尚未開始","Less than 1 year  1 年以下","I don't have enough knowledge 我沒有足夠的知識","Long-term wealth building 長期財富累積","Not at all familiar 完全不熟悉","Neither willing nor unwilling 既不願意也不排斥","Slightly increase 輕微增加","Maybe 可能","Potential for high returns 高報酬潛力;Fear of missing out (FOMO) 害怕錯過;Increased knowledge and education 增加知識和教育","Not at all familiar 完全不熟悉","Disagree 不同意","Lower costs 降低成本","High volatility in price 價格高度波動"
"2025/12/04 2:20:14 PM GMT+8","Generation Z: 1997–2012 Z 世代：1997–2012","Yes 是","International business","2","Yes 有","1 to 3 years 1 至 3 年","","Saving for future contingencies (e.g., retirement) 為未來儲蓄（例如退休）","Not very familiar 不太熟悉","Somewhat willing 有些願意","Slightly increase 輕微增加","Maybe 可能","Potential for high returns 高報酬潛力;Recommendations from friends or family 來自朋友或家人的建議;Improved regulatory clarity 監管環境更加明朗;Increased knowledge and education 增加知識和教育;Lower volatility 降低波動性","Somewhat familiar 有些熟悉","Neutral 中立","Lower costs 降低成本","Regulatory challenges 監管挑戰"
"2025/12/04 2:20:25 PM GMT+8","Generation Z: 1997–2012 Z 世代：1997–2012","Yes 是","Finance 財務金融","1 - Novice 初學者","No 沒有","Less than 1 year  1 年以下","I can't afford it 我負擔不起;I don't have enough knowledge 我沒有足夠的知識","Long-term wealth building 長期財富累積","Not at all familiar 完全不熟悉","Somewhat willing 有些願意","Slightly increase 輕微增加","Maybe 可能","Potential for high returns 高報酬潛力;Increased knowledge and education 增加知識和教育","Not at all familiar 完全不熟悉","Neutral 中立","Greater transparency 更高透明度","Security concerns 安全疑慮"
"2025/12/04 2:20:49 PM GMT+8","Generation Z: 1997–2012 Z 世代：1997–2012","Yes 是","IB","3","Yes 有","1 to 3 years 1 至 3 年","","Long-term wealth building 長期財富累積","Not very familiar 不太熟悉","Neither willing nor unwilling 既不願意也不排斥","Slightly increase 輕微增加","Yes 是","Improved regulatory clarity 監管環境更加明朗;Increased knowledge and education 增加知識和教育","Not very familiar 不太熟悉","Neutral 中立","Increased speed 提升速度","Regulatory challenges 監管挑戰"
"2025/12/04 2:21:00 PM GMT+8","Generation Z: 1997–2012 Z 世代：1997–2012","Yes 是","Finance 財務金融","2","No 沒有","Less than 1 year  1 年以下","I can't afford it 我負擔不起;I don't have enough knowledge 我沒有足夠的知識","Saving for future contingencies (e.g., retirement) 為未來儲蓄（例如退休）","Not very familiar 不太熟悉","Very willing 非常願意","Slightly increase 輕微增加","Maybe 可能","Potential for high returns 高報酬潛力;Recommendations from friends or family 來自朋友或家人的建議;Increased knowledge and education 增加知識和教育;Lower volatility 降低波動性","Not at all familiar 完全不熟悉","Neutral 中立","Lower costs 降低成本","Security concerns 安全疑慮"
"2025/12/04 3:56:05 PM GMT+8","Generation Z: 1997–2012 Z 世代：1997–2012","Yes 是","Finance 財務金融","3","Yes 有","4 to 6 years 4 至 6 年","","Interest in financial markets 對金融市場的興趣","Somewhat familiar 有些熟悉","Very willing 非常願意","Significantly increase 大幅增加","Maybe 可能","Potential for high returns 高報酬潛力;Increased knowledge and education 增加知識和教育;Other 其他","Somewhat familiar 有些熟悉","Neutral 中立","Greater transparency 更高透明度","Lack of widespread adoption 缺乏廣泛採用"
"2025/12/04 4:34:10 PM GMT+8","Generation Z: 1997–2012 Z 世代：1997–2012","Yes 是","Finance 財務金融","2","I have considered it but have not started yet 我曾經考慮過，但尚未開始","Less than 1 year  1 年以下","I can't afford it 我負擔不起;I don't have enough knowledge 我沒有足夠的知識;I am not interested 我沒有興趣","Saving for future contingencies (e.g., retirement) 為未來儲蓄（例如退休）","Not very familiar 不太熟悉","Somewhat unwilling 有些不願意","Significantly increase 大幅增加","Yes 是","Improved regulatory clarity 監管環境更加明朗;Increased knowledge and education 增加知識和教育","Not at all familiar 完全不熟悉","Agree 同意","Increased speed 提升速度","Security concerns 安全疑慮"
"2025/12/04 7:02:03 PM GMT+8","Generation Z: 1997–2012 Z 世代：1997–2012","Yes 是","EMBA","2","Yes 有","1 to 3 years 1 至 3 年","I don't have enough knowledge 我沒有足夠的知識","Short-term gains 短期收益","Not very familiar 不太熟悉","Somewhat willing 有些願意","Slightly increase 輕微增加","Maybe 可能","Potential for high returns 高報酬潛力;Fear of missing out (FOMO) 害怕錯過;Increased knowledge and education 增加知識和教育","Not very familiar 不太熟悉","Neutral 中立","Increased security 更高安全性","Lack of widespread adoption 缺乏廣泛採用"
"2025/12/04 9:59:26 PM GMT+8","Generation Z: 1997–2012 Z 世代：1997–2012","Yes 是","Finance 財務金融","3","Yes 有","1 to 3 years 1 至 3 年","","Long-term wealth building 長期財富累積","Not at all familiar 完全不熟悉","Somewhat unwilling 有些不願意","Slightly increase 輕微增加","Maybe 可能","Potential for high returns 高報酬潛力;Recommendations from friends or family 來自朋友或家人的建議;Improved regulatory clarity 監管環境更加明朗;Increased knowledge and education 增加知識和教育;Lower volatility 降低波動性","Not at all familiar 完全不熟悉","Neutral 中立","Increased security 更高安全性","Regulatory challenges 監管挑戰"
"2025/12/04 11:36:30 PM GMT+8","Generation X: 1965–1980 X 世代：1965–1980","Yes 是","EMBA","3","Yes 有","7 to 10 years 7 至 10 年","I don't have enough knowledge 我沒有足夠的知識","Long-term wealth building 長期財富累積","Very familiar 非常熟悉","Somewhat willing 有些願意","Significantly increase 大幅增加","No 否","Potential for high returns 高報酬潛力","Very familiar 非常熟悉","Neutral 中立","Decentralization 去中心化","High volatility in price 價格高度波動"
"2025/12/05 4:39:00 PM GMT+8","Generation Z: 1997–2012 Z 世代：1997–2012","Yes 是","Finance 財務金融","2","I have considered it but have not started yet 我曾經考慮過，但尚未開始","Less than 1 year  1 年以下","I can't afford it 我負擔不起;I don't have enough knowledge 我沒有足夠的知識","Long-term wealth building 長期財富累積","Not very familiar 不太熟悉","Somewhat willing 有些願意","Slightly increase 輕微增加","Maybe 可能","Potential for high returns 高報酬潛力","Not at all familiar 完全不熟悉","Neutral 中立","Greater transparency 更高透明度","Scalability issues 擴展性問題"
"2025/12/05 5:39:39 PM GMT+8","Millennials (Generation Y): 1981–1996 千禧世代（Y 世代）：1981–1996","Yes 是","EMBA","3","Yes 有","10 years or more 10 年或以上","Other 其他","Long-term wealth building 長期財富累積","Not very familiar 不太熟悉","Very willing 非常願意","Significantly increase 大幅增加","No 否","Potential for high returns 高報酬潛力","Not very familiar 不太熟悉","Neutral 中立","Decentralization 去中心化","Regulatory challenges 監管挑戰"
"2025/12/05 10:08:28 PM GMT+8","Generation Z: 1997–2012 Z 世代：1997–2012","Yes 是","Finance 財務金融","3","No 沒有","Less than 1 year  1 年以下","I don't have enough knowledge 我沒有足夠的知識","Saving for future contingencies (e.g., retirement) 為未來儲蓄（例如退休）","Somewhat familiar 有些熟悉","Somewhat willing 有些願意","Slightly increase 輕微增加","Maybe 可能","Potential for high returns 高報酬潛力","Not at all familiar 完全不熟悉","Neutral 中立","Greater transparency 更高透明度","Regulatory challenges 監管挑戰"
"2025/12/05 10:09:59 PM GMT+8","Generation Z: 1997–2012 Z 世代：1997–2012","Yes 是","Finance 財務金融","3","No 沒有","Less than 1 year  1 年以下","I don't have enough knowledge 我沒有足夠的知識","Saving for future contingencies (e.g., retirement) 為未來儲蓄（例如退休）","Somewhat familiar 有些熟悉","Somewhat willing 有些願意","Slightly increase 輕微增加","Maybe 可能","Potential for high returns 高報酬潛力","Not at all familiar 完全不熟悉","Neutral 中立","Greater transparency 更高透明度","Regulatory challenges 監管挑戰"
"2025/12/06 11:24:54 AM GMT+8","Baby Boomers: 1946–1964 嬰兒潮世代: 1946–1964","Yes 是","EMBA","1 - Novice 初學者","Yes 有","1 to 3 years 1 至 3 年","","Long-term wealth building 長期財富累積","Not at all familiar 完全不熟悉","Very unwilling 非常不願意","Significantly decrease 大幅減少","Maybe 可能","Lower volatility 降低波動性","Not at all familiar 完全不熟悉","Strongly disagree 非常不同意","Increased security 更高安全性","Security concerns 安全疑慮"
"2025/12/06 1:30:45 PM GMT+8","Generation Z: 1997–2012 Z 世代：1997–2012","Yes 是","Finance 財務金融","2","Yes 有","1 to 3 years 1 至 3 年","","Short-term gains 短期收益","Not at all familiar 完全不熟悉","Neither willing nor unwilling 既不願意也不排斥","Slightly increase 輕微增加","Yes 是","Improved regulatory clarity 監管環境更加明朗","Not at all familiar 完全不熟悉","Neutral 中立","Decentralization 去中心化","Regulatory challenges 監管挑戰"
"2025/12/06 3:29:51 PM GMT+8","Millennials (Generation Y): 1981–1996 千禧世代（Y 世代）：1981–1996","Yes 是","EMBA","3","I have considered it but have not started yet 我曾經考慮過，但尚未開始","Less than 1 year  1 年以下","I don't have enough knowledge 我沒有足夠的知識;I am not interested 我沒有興趣","Saving for future contingencies (e.g., retirement) 為未來儲蓄（例如退休）","Not very familiar 不太熟悉","Neither willing nor unwilling 既不願意也不排斥","Slightly increase 輕微增加","Maybe 可能","Potential for high returns 高報酬潛力;Improved regulatory clarity 監管環境更加明朗","Very familiar 非常熟悉","Neutral 中立","Increased speed 提升速度","Regulatory challenges 監管挑戰"
"2025/12/06 3:32:03 PM GMT+8","Generation Z: 1997–2012 Z 世代：1997–2012","Yes 是","EMBA","1 - Novice 初學者","Yes 有","1 to 3 years 1 至 3 年","","Saving for future contingencies (e.g., retirement) 為未來儲蓄（例如退休）","Not at all familiar 完全不熟悉","Neither willing nor unwilling 既不願意也不排斥","Slightly increase 輕微增加","No 否","Potential for high returns 高報酬潛力","Not at all familiar 完全不熟悉","Neutral 中立","Increased security 更高安全性","Lack of widespread adoption 缺乏廣泛採用"
"2025/12/06 3:34:21 PM GMT+8","Generation X: 1965–1980 X 世代：1965–1980","Yes 是","EMBA","4","Yes 有","10 years or more 10 年或以上","","Long-term wealth building 長期財富累積","Not at all familiar 完全不熟悉","Neither willing nor unwilling 既不願意也不排斥","Significantly increase 大幅增加","No 否","Potential for high returns 高報酬潛力","Somewhat familiar 有些熟悉","Neutral 中立","Decentralization 去中心化","Regulatory challenges 監管挑戰"
"2025/12/06 3:54:55 PM GMT+8","Generation X: 1965–1980 X 世代：1965–1980","Yes 是","EMBA","3","I have considered it but have not started yet 我曾經考慮過，但尚未開始","Less than 1 year  1 年以下","I don't have enough knowledge 我沒有足夠的知識","Saving for future contingencies (e.g., retirement) 為未來儲蓄（例如退休）","Not at all familiar 完全不熟悉","Very unwilling 非常不願意","No change 沒有改變","Maybe 可能","Increased knowledge and education 增加知識和教育","Not at all familiar 完全不熟悉","Strongly disagree 非常不同意","Decentralization 去中心化","Regulatory challenges 監管挑戰"
"2025/12/07 7:55:56 PM GMT+8","Generation Z: 1997–2012 Z 世代：1997–2012","Yes 是","Finance 財務金融","2","No 沒有","Less than 1 year  1 年以下","I don't have enough knowledge 我沒有足夠的知識","Long-term wealth building 長期財富累積","Not at all familiar 完全不熟悉","Neither willing nor unwilling 既不願意也不排斥","Slightly decrease 輕微減少","Maybe 可能","Improved regulatory clarity 監管環境更加明朗;Increased knowledge and education 增加知識和教育","Not very familiar 不太熟悉","Neutral 中立","Decentralization 去中心化","Regulatory challenges 監管挑戰"
"2025/12/07 8:07:16 PM GMT+8","Generation X: 1965–1980 X 世代：1965–1980","Yes 是","EMBA","2","Yes 有","4 to 6 years 4 至 6 年","I have stopped investing after facing a loss in the past 我曾經因為虧損而停止投資","Saving for future contingencies (e.g., retirement) 為未來儲蓄（例如退休）","Not at all familiar 完全不熟悉","Somewhat unwilling 有些不願意","Slightly decrease 輕微減少","Maybe 可能","Improved regulatory clarity 監管環境更加明朗","Not at all familiar 完全不熟悉","Disagree 不同意","Greater transparency 更高透明度","Security concerns 安全疑慮"
"2025/12/10 3:23:39 PM GMT+8","Generation Z: 1997–2012 Z 世代：1997–2012","Yes 是","Finance 財務金融","1 - Novice 初學者","I have considered it but have not started yet 我曾經考慮過，但尚未開始","Less than 1 year  1 年以下","I can't afford it 我負擔不起;I don't have enough knowledge 我沒有足夠的知識","Short-term gains 短期收益","Not at all familiar 完全不熟悉","Somewhat willing 有些願意","Slightly increase 輕微增加","Maybe 可能","Potential for high returns 高報酬潛力;Recommendations from friends or family 來自朋友或家人的建議","Not at all familiar 完全不熟悉","Neutral 中立","Decentralization 去中心化","Security concerns 安全疑慮"
"2025/12/10 3:36:11 PM GMT+8","Generation Z: 1997–2012 Z 世代：1997–2012","Yes 是","Finance 財務金融","2","Yes 有","1 to 3 years 1 至 3 年","I can't afford it 我負擔不起","Long-term wealth building 長期財富累積","Not very familiar 不太熟悉","Neither willing nor unwilling 既不願意也不排斥","Slightly increase 輕微增加","Maybe 可能","Potential for high returns 高報酬潛力;Improved regulatory clarity 監管環境更加明朗;Lower volatility 降低波動性","Not very familiar 不太熟悉","Neutral 中立","Decentralization 去中心化","Lack of widespread adoption 缺乏廣泛採用"
"2025/12/11 9:45:10 PM GMT+8","Generation Z: 1997–2012 Z 世代：1997–2012","Yes 是","Department of Business Administration ","3","Yes 有","1 to 3 years 1 至 3 年","I can't afford it 我負擔不起;I don't have enough knowledge 我沒有足夠的知識","Short-term gains 短期收益","Not very familiar 不太熟悉","Somewhat willing 有些願意","Slightly increase 輕微增加","Maybe 可能","Potential for high returns 高報酬潛力;Recommendations from friends or family 來自朋友或家人的建議;Increased knowledge and education 增加知識和教育","Not at all familiar 完全不熟悉","Neutral 中立","Decentralization 去中心化","Lack of widespread adoption 缺乏廣泛採用"
"2025/12/13 5:18:08 PM GMT+8","Generation Z: 1997–2012 Z 世代：1997–2012","Yes 是","Finance 財務金融","1 - Novice 初學者","Yes 有","4 to 6 years 4 至 6 年","","Saving for future contingencies (e.g., retirement) 為未來儲蓄（例如退休）","Not at all familiar 完全不熟悉","Somewhat unwilling 有些不願意","Slightly increase 輕微增加","Maybe 可能","Improved regulatory clarity 監管環境更加明朗;Increased knowledge and education 增加知識和教育","Not at all familiar 完全不熟悉","Neutral 中立","Greater transparency 更高透明度","Regulatory challenges 監管挑戰"
"2025/12/16 8:55:28 PM GMT+8","Generation Z: 1997–2012 Z 世代：1997–2012","Yes 是","Finance 財務金融","1 - Novice 初學者","Yes 有","Less than 1 year  1 年以下","","Short-term gains 短期收益","Not very familiar 不太熟悉","Very willing 非常願意","Significantly increase 大幅增加","No 否","Potential for high returns 高報酬潛力","Not very familiar 不太熟悉","Neutral 中立","Increased speed 提升速度","Regulatory challenges 監管挑戰"
"2025/12/20 3:27:41 PM GMT+8","Generation X: 1965–1980 X 世代：1965–1980","碩士","EMBA","1 - Novice 初學者","Yes 有","Less than 1 year  1 年以下","I don't have enough knowledge 我沒有足夠的知識;I have stopped investing after facing a loss in the past 我曾經因為虧損而停止投資","Saving for future contingencies (e.g., retirement) 為未來儲蓄（例如退休）","Not at all familiar 完全不熟悉","Very unwilling 非常不願意","No change 沒有改變","Maybe 可能","Other 其他","Not at all familiar 完全不熟悉","Neutral 中立","Other 其他","High volatility in price 價格高度波動"
"2026/01/08 1:52:00 PM GMT+8","Baby Boomers: 1946–1964 嬰兒潮世代: 1946–1964","Yes 是","EMBA","1 - Novice 初學者","Yes 有","Less than 1 year  1 年以下","","Long-term wealth building 長期財富累積","Not at all familiar 完全不熟悉","Very unwilling 非常不願意","Significantly decrease 大幅減少","No 否","Lower volatility 降低波動性","Not at all familiar 完全不熟悉","Disagree 不同意","Increased security 更高安全性","Lack of widespread adoption 缺乏廣泛採用"